Tag,Word,Freq,Pos,Neg,Neu
PROF,would say,0.0015298317185109638,0.7777777777777778,0.2222222222222222,0.0
PROF,people like,0.0003399626041135475,0.5,0.0,0.5
PROF,like say,0.0003399626041135475,0.0,1.0,0.0
PROF,like get,0.0005099439061703213,0.3333333333333333,0.3333333333333333,0.3333333333333333
PROF,something like,0.0005099439061703213,0.3333333333333333,0.6666666666666666,0.0
PROF,like either,0.0003399626041135475,0.5,0.5,0.0
PROF,oh yeah,0.0003399626041135475,0.5,0.5,0.0
PROF,know like,0.0005099439061703213,0.3333333333333333,0.3333333333333333,0.3333333333333333
PROF,seem like,0.0005099439061703213,0.3333333333333333,0.6666666666666666,0.0
PROF,like really,0.0003399626041135475,0.5,0.5,0.0
PROF,thing like,0.0005099439061703213,0.3333333333333333,0.6666666666666666,0.0
PROF,everybody else,0.0003399626041135475,0.5,0.5,0.0
PROF,little bit,0.0005099439061703213,0.3333333333333333,0.6666666666666666,0.0
PROF,hey like,0.0003399626041135475,1.0,0.0,0.0
PROF,need help,0.0003399626041135475,0.5,0.0,0.5
PROF,like help,0.0003399626041135475,1.0,0.0,0.0
PROF,like one,0.0003399626041135475,0.0,1.0,0.0
PROF,feel like,0.0018697943226245112,0.36363636363636365,0.18181818181818182,0.45454545454545453
PROF,everyone else,0.0003399626041135475,0.5,0.5,0.0
PROF,also like,0.0003399626041135475,0.5,0.0,0.5
PROF,like sometimes,0.0003399626041135475,0.0,1.0,0.0
PROF,even though,0.0008499065102838688,0.4,0.6,0.0
PROF,last semester,0.0003399626041135475,0.5,0.0,0.5
PROF,really like,0.0005099439061703213,0.6666666666666666,0.0,0.3333333333333333
PROF,extra information,0.0003399626041135475,0.0,0.0,1.0
PROF,like look,0.0005099439061703213,0.0,0.3333333333333333,0.6666666666666666
PROF,sometimes professor,0.0003399626041135475,0.0,1.0,0.0
PROF,explain something,0.0003399626041135475,0.0,0.5,0.5
PROF,like something,0.0003399626041135475,0.5,0.5,0.0
PROF,really cool,0.0008499065102838688,0.8,0.2,0.0
PROF,like kind,0.0003399626041135475,0.0,0.5,0.5
PROF,things like,0.0003399626041135475,0.0,0.5,0.5
PROF,engineering department,0.0003399626041135475,0.5,0.5,0.0
PROF,inclusive community,0.0003399626041135475,0.0,1.0,0.0
PROF,different things,0.0003399626041135475,0.0,1.0,0.0
PROF,office hours,0.0005099439061703213,0.0,0.6666666666666666,0.3333333333333333
PROF,use like,0.0003399626041135475,0.0,0.5,0.5
PROF,things work,0.0003399626041135475,0.5,0.5,0.0
PROF,hey real,0.0003399626041135475,0.5,0.5,0.0
PROF,computer science,0.0005099439061703213,0.0,1.0,0.0
PROF,science classes,0.0003399626041135475,0.0,1.0,0.0
PROF,role model,0.0003399626041135475,1.0,0.0,0.0
PROF,one time,0.0003399626041135475,0.5,0.5,0.0
PROF,sometimes professors,0.0003399626041135475,0.0,1.0,0.0
PROF,one professor,0.0003399626041135475,0.0,1.0,0.0
PROF,prior knowledge,0.0003399626041135475,0.0,1.0,0.0
PROF,explicitly say,0.0003399626041135475,0.5,0.5,0.0
PROF,male student,0.0003399626041135475,0.0,1.0,0.0
PROF,computer engineering,0.0003399626041135475,1.0,0.0,0.0
PROF,spanish people,0.0003399626041135475,0.0,1.0,0.0
PROF,good professors,0.0003399626041135475,0.5,0.5,0.0
PROF,times professor,0.0003399626041135475,0.0,1.0,0.0
PROF,level classes,0.0003399626041135475,1.0,0.0,0.0
PROF,high school,0.0005099439061703213,0.6666666666666666,0.0,0.3333333333333333
PROF,dr laberge,0.000679925208227095,0.75,0.0,0.25
PROF,math science,0.0003399626041135475,0.0,0.5,0.5
PROF,get teachers,0.0003399626041135475,0.0,1.0,0.0
PROF,feels like,0.0003399626041135475,0.5,0.0,0.5
PROF,really great,0.0003399626041135475,1.0,0.0,0.0
PROF,really help,0.0005099439061703213,1.0,0.0,0.0
PROF,always eager,0.0003399626041135475,1.0,0.0,0.0
PROF,paying attention,0.0003399626041135475,0.0,0.5,0.5
PROF,students complain,0.0003399626041135475,1.0,0.0,0.0
PROF,student asked,0.0005099439061703213,0.0,1.0,0.0
PROF,actually one,0.0003399626041135475,0.0,1.0,0.0
PROF,time faculty,0.0003399626041135475,0.0,1.0,0.0
PROF,students need,0.0003399626041135475,0.0,1.0,0.0
PROF,last fall,0.0003399626041135475,0.5,0.0,0.5
PROF,strongest influence,0.0003399626041135475,1.0,0.0,0.0
PROF,different moral,0.0003399626041135475,0.5,0.0,0.5
PROF,moral situations,0.0003399626041135475,0.5,0.0,0.5
GEN,would say,0.0018912529550827422,0.5833333333333334,0.3333333333333333,0.08333333333333333
GEN,white male,0.00031520882584712374,0.0,1.0,0.0
GEN,something like,0.00031520882584712374,0.0,0.5,0.5
GEN,like people,0.00031520882584712374,0.5,0.0,0.5
GEN,think like,0.00031520882584712374,0.0,0.5,0.5
GEN,know like,0.00031520882584712374,0.0,1.0,0.0
GEN,socially awkward,0.00031520882584712374,0.0,1.0,0.0
GEN,seem like,0.00031520882584712374,0.0,1.0,0.0
GEN,big thing,0.00031520882584712374,0.0,1.0,0.0
GEN,thing like,0.0006304176516942475,0.0,0.5,0.5
GEN,little bit,0.0009456264775413711,0.16666666666666666,0.16666666666666666,0.6666666666666666
GEN,another person,0.00031520882584712374,0.0,0.5,0.5
GEN,person like,0.00031520882584712374,0.0,1.0,0.0
GEN,like okay,0.00047281323877068556,0.3333333333333333,0.6666666666666666,0.0
GEN,like one,0.0006304176516942475,0.0,0.5,0.5
GEN,feel like,0.002048857368006304,0.07692307692307693,0.5384615384615384,0.38461538461538464
GEN,felt like,0.00047281323877068556,0.3333333333333333,0.6666666666666666,0.0
GEN,everyone else,0.00031520882584712374,0.0,1.0,0.0
GEN,even though,0.00031520882584712374,0.5,0.0,0.5
GEN,first day,0.00031520882584712374,0.0,0.0,1.0
GEN,really like,0.00031520882584712374,1.0,0.0,0.0
GEN,like maybe,0.00031520882584712374,0.0,0.0,1.0
GEN,guys like,0.00047281323877068556,0.0,0.0,1.0
GEN,like use,0.00031520882584712374,0.5,0.0,0.5
GEN,maybe like,0.00047281323877068556,0.0,0.3333333333333333,0.6666666666666666
GEN,sitting next,0.00031520882584712374,0.0,0.5,0.5
GEN,asking questions,0.00047281323877068556,0.3333333333333333,0.3333333333333333,0.3333333333333333
GEN,gonna get,0.00031520882584712374,0.5,0.5,0.0
GEN,generally like,0.00031520882584712374,0.0,0.5,0.5
GEN,really want,0.00031520882584712374,0.0,0.5,0.5
GEN,study groups,0.00031520882584712374,1.0,0.0,0.0
GEN,one group,0.00031520882584712374,0.0,0.0,1.0
GEN,regard like,0.00031520882584712374,1.0,0.0,0.0
GEN,study alone,0.00047281323877068556,0.3333333333333333,0.0,0.6666666666666666
GEN,tv shows,0.00031520882584712374,0.0,0.0,1.0
GEN,like gender,0.00031520882584712374,0.0,0.0,1.0
GEN,always question,0.00031520882584712374,0.0,1.0,0.0
GEN,felt less,0.00031520882584712374,0.0,1.0,0.0
GEN,less comfortable,0.00031520882584712374,0.0,1.0,0.0
GEN,like male,0.00031520882584712374,0.0,1.0,0.0
GEN,male colleagues,0.00031520882584712374,0.0,0.5,0.5
GEN,like five,0.00031520882584712374,0.0,0.0,1.0
GEN,gender thing,0.00031520882584712374,0.0,0.5,0.5
GEN,friends prefer,0.00031520882584712374,0.0,0.0,1.0
GEN,use like,0.0006304176516942475,0.25,0.5,0.25
GEN,like female,0.00031520882584712374,0.0,0.5,0.5
GEN,study group,0.00047281323877068556,0.6666666666666666,0.0,0.3333333333333333
GEN,study rooms,0.00031520882584712374,0.0,1.0,0.0
GEN,mentioned something,0.00031520882584712374,0.0,0.0,1.0
GEN,person likes,0.00031520882584712374,0.0,1.0,0.0
GEN,really know,0.00031520882584712374,0.0,1.0,0.0
GEN,lecture hall,0.00047281323877068556,0.0,0.0,1.0
GEN,last summer,0.00031520882584712374,0.0,0.5,0.5
GEN,comfortable sitting,0.00031520882584712374,0.0,0.0,1.0
GEN,really see,0.00031520882584712374,0.0,0.5,0.5
GEN,sit next,0.00031520882584712374,0.0,1.0,0.0
GEN,senior year,0.00031520882584712374,0.0,1.0,0.0
GEN,hey need,0.00031520882584712374,0.0,1.0,0.0
GEN,like may,0.00031520882584712374,0.0,0.0,1.0
GEN,computer science,0.0015760441292356187,0.3,0.4,0.3
GEN,female friends,0.00031520882584712374,0.5,0.5,0.0
GEN,science classes,0.00047281323877068556,0.3333333333333333,0.6666666666666666,0.0
GEN,women tend,0.00031520882584712374,0.5,0.5,0.0
GEN,engineering clubs,0.00031520882584712374,0.5,0.0,0.5
GEN,capstone project,0.00031520882584712374,0.0,1.0,0.0
GEN,male student,0.00047281323877068556,0.0,0.6666666666666666,0.3333333333333333
GEN,one project,0.00047281323877068556,0.0,1.0,0.0
GEN,leadership role,0.00047281323877068556,0.0,0.3333333333333333,0.6666666666666666
GEN,leadership position,0.0006304176516942475,0.0,1.0,0.0
GEN,fell back,0.00031520882584712374,0.0,1.0,0.0
GEN,could help,0.00031520882584712374,0.5,0.5,0.0
GEN,one task,0.00031520882584712374,0.0,1.0,0.0
GEN,never really,0.00031520882584712374,0.0,1.0,0.0
GEN,really heard,0.00031520882584712374,0.0,1.0,0.0
GEN,heard back,0.00031520882584712374,0.0,1.0,0.0
GEN,group projects,0.00031520882584712374,0.0,1.0,0.0
GEN,high school,0.00031520882584712374,0.5,0.0,0.5
GEN,compsci major,0.00031520882584712374,0.0,1.0,0.0
GEN,earn respect,0.00031520882584712374,0.0,0.5,0.5
GEN,go suck,0.00047281323877068556,0.0,1.0,0.0
GEN,pretty accepted,0.00031520882584712374,0.0,1.0,0.0
GEN,white people,0.00031520882584712374,0.0,0.0,1.0
GEN,little better,0.00031520882584712374,0.0,0.0,1.0
GEN,group project,0.00031520882584712374,0.0,1.0,0.0
GEN,one want,0.00031520882584712374,0.0,0.5,0.5
GEN,many women,0.00031520882584712374,0.0,1.0,0.0
GEN,work ethic,0.00031520882584712374,1.0,0.0,0.0
GEN,whole lot,0.00031520882584712374,1.0,0.0,0.0
RAC,would say,0.0025343953656770456,0.14285714285714285,0.5714285714285714,0.2857142857142857
RAC,something like,0.0010861694424330196,0.0,1.0,0.0
RAC,like people,0.000724112961622013,0.5,0.5,0.0
RAC,think like,0.000724112961622013,0.0,0.0,1.0
RAC,thing like,0.0010861694424330196,0.0,1.0,0.0
RAC,little bit,0.000724112961622013,0.0,0.5,0.5
RAC,like okay,0.000724112961622013,1.0,0.0,0.0
RAC,feel like,0.001448225923244026,0.0,0.75,0.25
RAC,even though,0.000724112961622013,0.0,0.5,0.5
RAC,first day,0.000724112961622013,0.0,0.0,1.0
RAC,kinda like,0.000724112961622013,0.0,0.0,1.0
RAC,stuff like,0.000724112961622013,0.0,0.5,0.5
RAC,study groups,0.000724112961622013,1.0,0.0,0.0
RAC,regard like,0.000724112961622013,1.0,0.0,0.0
RAC,use like,0.0010861694424330196,0.3333333333333333,0.3333333333333333,0.3333333333333333
RAC,study group,0.000724112961622013,1.0,0.0,0.0
RAC,different languages,0.000724112961622013,0.0,0.0,1.0
RAC,different cultures,0.0010861694424330196,0.0,0.0,1.0
RAC,many spanish,0.0010861694424330196,0.0,1.0,0.0
RAC,spanish people,0.0010861694424330196,0.0,1.0,0.0
RAC,unspoken thing,0.000724112961622013,0.0,1.0,0.0
RAC,racial diversity,0.000724112961622013,0.5,0.0,0.5
RAC,white people,0.0010861694424330196,0.0,0.3333333333333333,0.6666666666666666
RAC,little better,0.000724112961622013,0.0,0.0,1.0
RAC,skin color,0.001448225923244026,0.0,1.0,0.0
RAC,make sure,0.000724112961622013,0.0,0.0,1.0
PEER,would say,0.0023584905660377358,0.47058823529411764,0.4117647058823529,0.11764705882352941
PEER,like even,0.000416204217536071,0.6666666666666666,0.3333333333333333,0.0
PEER,something like,0.0002774694783573807,0.0,1.0,0.0
PEER,like people,0.0005549389567147614,0.25,0.5,0.25
PEER,oh yeah,0.0005549389567147614,0.5,0.5,0.0
PEER,people would,0.0002774694783573807,0.0,1.0,0.0
PEER,big thing,0.0002774694783573807,0.0,1.0,0.0
PEER,thing like,0.000416204217536071,0.0,1.0,0.0
PEER,everybody else,0.0002774694783573807,0.0,1.0,0.0
PEER,little bit,0.0005549389567147614,0.25,0.5,0.25
PEER,would like,0.0002774694783573807,0.5,0.0,0.5
PEER,another person,0.0002774694783573807,0.5,0.0,0.5
PEER,need help,0.0002774694783573807,0.5,0.0,0.5
PEER,whole bunch,0.0002774694783573807,0.5,0.5,0.0
PEER,like okay,0.0002774694783573807,1.0,0.0,0.0
PEER,like one,0.000416204217536071,0.3333333333333333,0.0,0.6666666666666666
PEER,feel like,0.0023584905660377358,0.17647058823529413,0.35294117647058826,0.47058823529411764
PEER,felt like,0.0002774694783573807,0.0,1.0,0.0
PEER,everyone else,0.000416204217536071,0.0,1.0,0.0
PEER,even though,0.0002774694783573807,0.5,0.5,0.0
PEER,really like,0.0002774694783573807,0.5,0.5,0.0
PEER,kinda like,0.0002774694783573807,0.0,0.0,1.0
PEER,always feel,0.0002774694783573807,0.5,0.5,0.0
PEER,maybe like,0.0002774694783573807,0.0,0.0,1.0
PEER,sitting next,0.0002774694783573807,0.0,0.5,0.5
PEER,asking questions,0.000416204217536071,0.0,0.0,1.0
PEER,gonna get,0.0002774694783573807,0.5,0.5,0.0
PEER,really want,0.0002774694783573807,0.0,1.0,0.0
PEER,wait till,0.0002774694783573807,0.0,1.0,0.0
PEER,last minute,0.0002774694783573807,0.0,1.0,0.0
PEER,study groups,0.0002774694783573807,0.0,1.0,0.0
PEER,different things,0.0006936736958934517,0.0,0.6,0.4
PEER,different type,0.0002774694783573807,0.0,0.5,0.5
PEER,study alone,0.000416204217536071,0.0,0.3333333333333333,0.6666666666666666
PEER,tv shows,0.0002774694783573807,0.0,0.0,1.0
PEER,always question,0.0002774694783573807,0.0,1.0,0.0
PEER,felt less,0.0002774694783573807,0.0,1.0,0.0
PEER,less comfortable,0.0002774694783573807,0.0,1.0,0.0
PEER,male colleagues,0.0002774694783573807,0.0,0.5,0.5
PEER,friends prefer,0.0002774694783573807,0.0,0.0,1.0
PEER,use like,0.000832408435072142,0.16666666666666666,0.6666666666666666,0.16666666666666666
PEER,study group,0.0009711431742508325,0.0,0.2857142857142857,0.7142857142857143
PEER,anyone else,0.0002774694783573807,0.5,0.5,0.0
PEER,sit next,0.0002774694783573807,0.0,1.0,0.0
PEER,really well,0.0002774694783573807,0.5,0.5,0.0
PEER,computer science,0.0005549389567147614,0.25,0.75,0.0
PEER,science classes,0.0002774694783573807,0.5,0.5,0.0
PEER,women tend,0.0002774694783573807,0.5,0.5,0.0
PEER,side projects,0.0002774694783573807,1.0,0.0,0.0
PEER,projects really,0.0002774694783573807,0.0,1.0,0.0
PEER,never seen,0.0002774694783573807,0.5,0.5,0.0
PEER,stem major,0.0002774694783573807,0.0,0.5,0.5
PEER,programming language,0.0002774694783573807,0.0,0.0,1.0
PEER,one time,0.0002774694783573807,0.5,0.0,0.5
PEER,engineering class,0.0002774694783573807,0.0,1.0,0.0
PEER,programming experience,0.0002774694783573807,0.5,0.5,0.0
PEER,one project,0.0002774694783573807,0.0,1.0,0.0
PEER,leadership position,0.0002774694783573807,0.0,1.0,0.0
PEER,fell back,0.0002774694783573807,0.0,1.0,0.0
PEER,could help,0.0002774694783573807,0.5,0.5,0.0
PEER,one task,0.0002774694783573807,0.0,1.0,0.0
PEER,one really,0.0002774694783573807,0.0,1.0,0.0
PEER,never really,0.0002774694783573807,0.0,1.0,0.0
PEER,really heard,0.0002774694783573807,0.0,1.0,0.0
PEER,heard back,0.0002774694783573807,0.0,1.0,0.0
PEER,group projects,0.000416204217536071,0.3333333333333333,0.6666666666666666,0.0
PEER,past year,0.0002774694783573807,0.0,1.0,0.0
PEER,would also,0.0002774694783573807,0.0,0.5,0.5
PEER,hang around,0.0002774694783573807,0.5,0.0,0.5
PEER,level classes,0.0002774694783573807,1.0,0.0,0.0
PEER,earn respect,0.0002774694783573807,0.0,0.5,0.5
PEER,really help,0.000416204217536071,0.6666666666666666,0.3333333333333333,0.0
PEER,exam grades,0.0002774694783573807,0.5,0.5,0.0
PEER,go suck,0.000416204217536071,0.0,1.0,0.0
PEER,junior year,0.0002774694783573807,0.0,1.0,0.0
PEER,working together,0.0002774694783573807,0.0,0.0,1.0
PEER,always like,0.0002774694783573807,0.0,0.5,0.5
PEER,group project,0.000416204217536071,0.3333333333333333,0.6666666666666666,0.0
PEER,work together,0.0002774694783573807,0.0,1.0,0.0
PEER,lab partners,0.0002774694783573807,0.5,0.0,0.5
PEER,actual work,0.0002774694783573807,0.0,0.0,1.0
PEER,fall behind,0.0002774694783573807,1.0,0.0,0.0
PEER,would always,0.0002774694783573807,0.0,1.0,0.0
PEER,would finish,0.0002774694783573807,0.0,1.0,0.0
PEER,really early,0.0002774694783573807,0.0,1.0,0.0
PEER,students complain,0.0002774694783573807,1.0,0.0,0.0
PEER,student asked,0.000416204217536071,0.0,1.0,0.0
PEER,say yeah,0.0002774694783573807,1.0,0.0,0.0
PEER,skin color,0.0002774694783573807,0.0,1.0,0.0
PEER,really come,0.0002774694783573807,0.0,0.5,0.5
STERM,would say,0.0011933174224343676,0.2,0.4,0.4
STERM,like like,0.00047732696897374703,0.0,1.0,0.0
STERM,white male,0.00047732696897374703,0.0,1.0,0.0
STERM,like people,0.00047732696897374703,0.0,0.5,0.5
STERM,put majors,0.00047732696897374703,0.0,1.0,0.0
STERM,oh yeah,0.00047732696897374703,0.0,0.0,1.0
STERM,chemical engineering,0.0007159904534606205,0.0,0.0,1.0
STERM,even know,0.00047732696897374703,0.0,0.5,0.5
STERM,definitely gotten,0.00047732696897374703,0.0,0.5,0.5
STERM,mechanical engineering,0.00047732696897374703,0.0,0.0,1.0
STERM,really hard,0.00047732696897374703,0.0,0.5,0.5
STERM,know like,0.0007159904534606205,0.0,1.0,0.0
STERM,socially awkward,0.00047732696897374703,0.0,1.0,0.0
STERM,seem like,0.00047732696897374703,0.5,0.5,0.0
STERM,see people,0.00047732696897374703,0.0,1.0,0.0
STERM,affirmative action,0.00047732696897374703,0.0,1.0,0.0
STERM,action kid,0.00047732696897374703,0.0,1.0,0.0
STERM,big thing,0.00047732696897374703,0.0,1.0,0.0
STERM,person like,0.00047732696897374703,0.0,1.0,0.0
STERM,like okay,0.00047732696897374703,0.0,1.0,0.0
STERM,like one,0.00047732696897374703,0.0,0.5,0.5
STERM,feel like,0.0011933174224343676,0.0,0.8,0.2
STERM,seems like,0.0007159904534606205,0.0,1.0,0.0
STERM,different things,0.0007159904534606205,0.3333333333333333,0.6666666666666666,0.0
STERM,study alone,0.00047732696897374703,0.0,0.0,1.0
STERM,gender thing,0.00047732696897374703,0.0,0.5,0.5
STERM,friends prefer,0.00047732696897374703,0.0,0.0,1.0
STERM,use like,0.0007159904534606205,0.0,0.3333333333333333,0.6666666666666666
STERM,person likes,0.00047732696897374703,0.0,1.0,0.0
STERM,really know,0.00047732696897374703,0.0,1.0,0.0
STERM,computer science,0.0016706443914081145,0.0,0.7142857142857143,0.2857142857142857
STERM,science student,0.00047732696897374703,0.0,1.0,0.0
STERM,biggest assumption,0.00047732696897374703,0.0,0.5,0.5
STERM,independent thinking,0.00047732696897374703,0.0,1.0,0.0
STERM,side projects,0.00047732696897374703,0.5,0.5,0.0
STERM,many spanish,0.0009546539379474941,0.0,1.0,0.0
STERM,spanish people,0.0011933174224343676,0.0,1.0,0.0
STERM,one says,0.00047732696897374703,0.0,1.0,0.0
STERM,unspoken thing,0.00047732696897374703,0.0,1.0,0.0
STERM,high school,0.00047732696897374703,0.0,0.0,1.0
STERM,dr laberge,0.00047732696897374703,1.0,0.0,0.0
STERM,math science,0.00047732696897374703,0.0,0.5,0.5
STERM,get teachers,0.00047732696897374703,0.0,1.0,0.0
STERM,typical computer,0.00047732696897374703,0.0,1.0,0.0
STERM,free time,0.00047732696897374703,0.0,1.0,0.0
STERM,typical student,0.0011933174224343676,0.2,0.6,0.2
STERM,compsci class,0.0007159904534606205,0.3333333333333333,0.3333333333333333,0.3333333333333333
STERM,game developers,0.00047732696897374703,1.0,0.0,0.0
STERM,typical students,0.00047732696897374703,0.0,0.5,0.5
STERM,technical clubs,0.00047732696897374703,0.0,0.5,0.5
STERM,compsci major,0.0007159904534606205,0.0,1.0,0.0
STERM,compsci classes,0.00047732696897374703,0.0,0.5,0.5
STERM,introverted people,0.00047732696897374703,0.0,0.0,1.0
STERM,things within,0.00047732696897374703,0.5,0.5,0.0
COMM,would say,0.003426124197002141,0.75,0.1875,0.0625
COMM,people like,0.00042826552462526765,0.5,0.0,0.5
COMM,like oh,0.00042826552462526765,0.0,0.5,0.5
COMM,oh yeah,0.00042826552462526765,1.0,0.0,0.0
COMM,people around,0.00042826552462526765,0.0,0.0,1.0
COMM,mostly like,0.00042826552462526765,0.0,0.5,0.5
COMM,like none,0.00042826552462526765,0.0,0.0,1.0
COMM,little bit,0.0010706638115631692,0.4,0.2,0.4
COMM,another person,0.00042826552462526765,0.5,0.0,0.5
COMM,hey like,0.00042826552462526765,1.0,0.0,0.0
COMM,need help,0.00042826552462526765,0.5,0.0,0.5
COMM,feel like,0.0032119914346895075,0.13333333333333333,0.26666666666666666,0.6
COMM,felt like,0.00042826552462526765,0.0,0.5,0.5
COMM,like working,0.00042826552462526765,0.5,0.0,0.5
COMM,really like,0.0006423982869379015,1.0,0.0,0.0
COMM,inclusive community,0.00042826552462526765,0.0,1.0,0.0
COMM,different group,0.00042826552462526765,0.5,0.5,0.0
COMM,seems like,0.00042826552462526765,0.0,1.0,0.0
COMM,different things,0.0006423982869379015,0.0,0.0,1.0
COMM,felt less,0.00042826552462526765,0.0,1.0,0.0
COMM,less comfortable,0.00042826552462526765,0.0,1.0,0.0
COMM,use like,0.00042826552462526765,0.5,0.5,0.0
COMM,study group,0.0006423982869379015,0.0,0.0,1.0
COMM,one person,0.00042826552462526765,0.5,0.0,0.5
COMM,ing classes,0.00042826552462526765,0.0,0.5,0.5
COMM,hey real,0.0006423982869379015,0.6666666666666666,0.0,0.3333333333333333
COMM,computer science,0.0008565310492505353,0.25,0.5,0.25
COMM,role model,0.00042826552462526765,1.0,0.0,0.0
COMM,typical student,0.00042826552462526765,0.0,1.0,0.0
COMM,compsci major,0.00042826552462526765,0.0,0.5,0.5
COMM,working together,0.0006423982869379015,0.3333333333333333,0.0,0.6666666666666666
COMM,always eager,0.00042826552462526765,1.0,0.0,0.0
COMM,fall behind,0.00042826552462526765,1.0,0.0,0.0
COMM,like let,0.00042826552462526765,1.0,0.0,0.0
COMM,one thing,0.00042826552462526765,0.0,0.0,1.0
COMM,whole lot,0.00042826552462526765,1.0,0.0,0.0
COMM,like work,0.00042826552462526765,0.5,0.0,0.5
COMM,national society,0.00042826552462526765,0.0,0.5,0.5
COMM,black engineers,0.00042826552462526765,0.0,0.5,0.5
EXPM,would say,0.002012882447665056,0.7,0.1,0.2
EXPM,like like,0.00040257648953301127,0.0,1.0,0.0
EXPM,like think,0.00040257648953301127,0.0,1.0,0.0
EXPM,ridiculously hard,0.00040257648953301127,0.0,1.0,0.0
EXPM,like get,0.00040257648953301127,0.5,0.5,0.0
EXPM,like oh,0.0006038647342995169,0.3333333333333333,0.3333333333333333,0.3333333333333333
EXPM,wow like,0.0006038647342995169,0.3333333333333333,0.3333333333333333,0.3333333333333333
EXPM,hard work,0.00040257648953301127,0.0,1.0,0.0
EXPM,oh yeah,0.00040257648953301127,0.0,0.5,0.5
EXPM,chemical engineering,0.00040257648953301127,0.0,0.0,1.0
EXPM,even know,0.00040257648953301127,0.0,0.5,0.5
EXPM,mechanical engineering,0.00040257648953301127,0.0,0.0,1.0
EXPM,really hard,0.00040257648953301127,0.0,0.5,0.5
EXPM,like really,0.0006038647342995169,0.6666666666666666,0.3333333333333333,0.0
EXPM,everybody else,0.00040257648953301127,0.0,1.0,0.0
EXPM,little bit,0.0008051529790660225,0.25,0.75,0.0
EXPM,person like,0.00040257648953301127,0.0,1.0,0.0
EXPM,like okay,0.0006038647342995169,0.0,0.6666666666666666,0.3333333333333333
EXPM,feel like,0.0030193236714975845,0.26666666666666666,0.4666666666666667,0.26666666666666666
EXPM,support system,0.00040257648953301127,0.0,0.5,0.5
EXPM,felt like,0.0006038647342995169,0.3333333333333333,0.3333333333333333,0.3333333333333333
EXPM,gonna like,0.00040257648953301127,0.0,0.0,1.0
EXPM,also like,0.0006038647342995169,0.0,0.6666666666666666,0.3333333333333333
EXPM,like getting,0.00040257648953301127,0.5,0.5,0.0
EXPM,even though,0.00040257648953301127,0.0,1.0,0.0
EXPM,last semester,0.0006038647342995169,0.3333333333333333,0.6666666666666666,0.0
EXPM,like look,0.00040257648953301127,0.0,0.5,0.5
EXPM,times like,0.00040257648953301127,0.5,0.5,0.0
EXPM,really cool,0.00040257648953301127,0.5,0.5,0.0
EXPM,really really,0.00040257648953301127,0.5,0.5,0.0
EXPM,different things,0.0006038647342995169,0.0,0.6666666666666666,0.3333333333333333
EXPM,office hours,0.00040257648953301127,0.0,0.5,0.5
EXPM,use like,0.00040257648953301127,0.0,0.5,0.5
EXPM,one person,0.00040257648953301127,0.0,0.5,0.5
EXPM,person likes,0.00040257648953301127,0.0,1.0,0.0
EXPM,really know,0.00040257648953301127,0.0,1.0,0.0
EXPM,really get,0.00040257648953301127,0.0,1.0,0.0
EXPM,three things,0.00040257648953301127,0.0,1.0,0.0
EXPM,computer science,0.002214170692431562,0.18181818181818182,0.6363636363636364,0.18181818181818182
EXPM,science classes,0.0006038647342995169,0.0,1.0,0.0
EXPM,heavy classes,0.00040257648953301127,0.0,0.0,1.0
EXPM,communicate effectively,0.00040257648953301127,1.0,0.0,0.0
EXPM,prior knowledge,0.00040257648953301127,0.0,1.0,0.0
EXPM,know everything,0.00040257648953301127,0.5,0.5,0.0
EXPM,say people,0.00040257648953301127,0.0,0.5,0.5
EXPM,math science,0.00040257648953301127,0.0,0.5,0.5
EXPM,get teachers,0.00040257648953301127,0.0,1.0,0.0
EXPM,work ethic,0.00040257648953301127,1.0,0.0,0.0
EXPM,grad school,0.0006038647342995169,0.6666666666666666,0.0,0.3333333333333333
EXPM,overall structure,0.00040257648953301127,1.0,0.0,0.0
EXPM,evaluate everything,0.00040257648953301127,0.0,0.0,1.0
EXPM,second half,0.00040257648953301127,0.0,0.0,1.0
EXPM,final exam,0.00040257648953301127,0.0,0.0,1.0
EXPM,information systems,0.0006038647342995169,0.0,1.0,0.0
IMP,would say,0.0004065867046147591,0.5,0.0,0.5
IMP,even like,0.0004065867046147591,0.0,0.5,0.5
IMP,something like,0.0004065867046147591,0.0,0.5,0.5
IMP,oh yeah,0.0004065867046147591,0.0,1.0,0.0
IMP,know get,0.0004065867046147591,0.5,0.5,0.0
IMP,many different,0.0004065867046147591,0.0,0.0,1.0
IMP,really hard,0.0004065867046147591,0.0,0.5,0.5
IMP,know like,0.0004065867046147591,0.0,0.5,0.5
IMP,real world,0.0004065867046147591,0.0,1.0,0.0
IMP,like really,0.0004065867046147591,0.0,1.0,0.0
IMP,first year,0.0006098800569221387,0.0,0.3333333333333333,0.6666666666666666
IMP,thing like,0.0004065867046147591,0.0,0.5,0.5
IMP,little bit,0.0012197601138442774,0.3333333333333333,0.3333333333333333,0.3333333333333333
IMP,need help,0.0004065867046147591,0.0,0.0,1.0
IMP,know go,0.0004065867046147591,0.0,0.0,1.0
IMP,like okay,0.0004065867046147591,0.0,0.0,1.0
IMP,feel like,0.002439520227688555,0.0,0.5833333333333334,0.4166666666666667
IMP,also like,0.0006098800569221387,0.0,0.6666666666666666,0.3333333333333333
IMP,ask question,0.0004065867046147591,0.0,0.5,0.5
IMP,really like,0.0010164667615368977,0.6,0.2,0.2
IMP,ask questions,0.0004065867046147591,0.0,0.5,0.5
IMP,extra information,0.0004065867046147591,0.0,0.0,1.0
IMP,like look,0.0004065867046147591,0.0,0.0,1.0
IMP,like maybe,0.0004065867046147591,0.0,0.0,1.0
IMP,really cool,0.0004065867046147591,1.0,0.0,0.0
IMP,really really,0.0008131734092295182,0.5,0.5,0.0
IMP,maybe like,0.0004065867046147591,0.0,1.0,0.0
IMP,different things,0.0006098800569221387,0.0,0.6666666666666666,0.3333333333333333
IMP,office hours,0.0008131734092295182,0.0,0.75,0.25
IMP,something little,0.0004065867046147591,0.0,0.5,0.5
IMP,different cultures,0.0004065867046147591,0.0,0.0,1.0
IMP,different backgrounds,0.0006098800569221387,0.0,0.6666666666666666,0.3333333333333333
IMP,know exactly,0.0004065867046147591,0.0,1.0,0.0
IMP,good job,0.0004065867046147591,0.0,0.5,0.5
IMP,big one,0.0004065867046147591,0.0,1.0,0.0
IMP,know getting,0.0004065867046147591,0.5,0.5,0.0
IMP,upper level,0.0004065867046147591,0.0,0.5,0.5
IMP,like junior,0.0004065867046147591,0.0,0.5,0.5
IMP,senior year,0.0006098800569221387,0.0,0.3333333333333333,0.6666666666666666
IMP,like tutoring,0.0004065867046147591,0.0,0.0,1.0
IMP,program like,0.0004065867046147591,0.5,0.0,0.5
IMP,like tutor,0.0006098800569221387,0.0,0.0,1.0
IMP,courses like,0.0006098800569221387,0.0,0.3333333333333333,0.6666666666666666
IMP,engineering perspective,0.0004065867046147591,0.0,1.0,0.0
IMP,hey real,0.0006098800569221387,0.3333333333333333,0.3333333333333333,0.3333333333333333
IMP,like may,0.0004065867046147591,0.0,0.0,1.0
IMP,go back,0.0004065867046147591,0.0,0.5,0.5
IMP,three things,0.0004065867046147591,0.0,1.0,0.0
IMP,computer science,0.0008131734092295182,0.25,0.25,0.5
IMP,would suggest,0.0004065867046147591,0.0,0.0,1.0
IMP,younger student,0.0004065867046147591,0.0,0.0,1.0
IMP,math course,0.0004065867046147591,0.0,1.0,0.0
IMP,math lab,0.0004065867046147591,0.0,1.0,0.0
IMP,would change,0.0004065867046147591,0.0,1.0,0.0
IMP,teach students,0.0004065867046147591,0.0,1.0,0.0
IMP,major course,0.0004065867046147591,0.0,0.5,0.5
IMP,know going,0.0004065867046147591,0.0,0.0,1.0
IMP,working together,0.0010164667615368977,0.2,0.4,0.4
IMP,always like,0.0004065867046147591,0.0,0.5,0.5
IMP,really teach,0.0004065867046147591,0.0,1.0,0.0
IMP,work together,0.0006098800569221387,0.3333333333333333,0.6666666666666666,0.0
IMP,work environment,0.0004065867046147591,0.0,0.5,0.5
IMP,going back,0.0004065867046147591,0.0,0.5,0.5
IMP,compsci department,0.0004065867046147591,0.0,0.0,1.0
IMP,cs course,0.0004065867046147591,0.0,0.5,0.5
IMP,evaluate everything,0.0004065867046147591,0.0,0.0,1.0
IMP,second half,0.0004065867046147591,0.0,0.0,1.0
IMP,final exam,0.0004065867046147591,0.0,0.0,1.0
IMP,time faculty,0.0004065867046147591,0.0,1.0,0.0
IMP,information systems,0.0006098800569221387,0.0,0.0,1.0
IMP,really learn,0.0004065867046147591,0.0,0.5,0.5
